Date,Open,High,Low,Close,Volume
Jan 12 2018,304.65,304.65,300.55,302.25,17590000
Jan 15 2018,303.95,305.25,301.55,302.6,18190000
Jan 16 2018,302.4,303.35,295.3,296.15,18040000
Jan 17 2018,296,308.4,292.6,307.1,26280000
Jan 18 2018,315,317.8,300.5,303.25,40000000
Jan 19 2018,303.95,310,302.5,309.25,18460000
Jan 22 2018,308.35,308.75,304.05,306.5,12620000
Jan 23 2018,306.4,320.55,306.35,318.1,35250000
Jan 24 2018,317.7,331.6,316.2,329.9,38070000
Jan 25 2018,332.75,332.75,311.85,313.15,42470000
Jan 29 2018,313.15,316.9,311,312.1,23600000
Jan 30 2018,312.05,318.85,311,313.55,25810000
Jan 31 2018,313,316.6,307.85,313.25,16410000
Feb 01 2018,316.9,317.4,305,306.05,19520000
Feb 02 2018,302.9,305.75,295.5,297.35,23270000
Feb 05 2018,292.65,300.4,290,298.05,18940000
Feb 06 2018,285,297.3,282.9,291.75,30580000
Feb 07 2018,296.6,297.9,290,292.8,21460000
Feb 08 2018,292.9,303.3,292.55,301.4,18930000
Feb 09 2018,297,300.6,295,296.4,15750000
Feb 12 2018,288.25,292.4,285.15,288.75,50840000
Feb 14 2018,288.7,288.7,275,276.2,45640000
Feb 15 2018,274.8,282.3,274.25,278.7,26060000
Feb 16 2018,280.5,281.2,270.05,271.65,30340000
Feb 19 2018,271.5,272,256.65,268.5,43850000
Feb 20 2018,269,274.2,264.8,269.65,33460000
Feb 21 2018,272.2,274.1,267.4,273.3,23710000
Feb 22 2018,270.4,273.6,269.45,272.6,25580000
Feb 23 2018,273.45,277.2,272.5,276.05,15480000
Feb 26 2018,280,280,273.85,274.45,15310000
Feb 27 2018,273,275.9,265.95,267.6,20820000
Feb 28 2018,264.25,269.7,260.8,268,26810000
Mar 01 2018,266.3,270,261.25,262.15,22860000
Mar 05 2018,260.45,265,258.75,263.5,18480000
Mar 06 2018,265.85,266,255,256.55,20780000
Mar 07 2018,255.05,255.35,246.05,246.65,31260000
Mar 08 2018,247,257.95,244.3,256.8,33130000
Mar 09 2018,257,257.4,251.65,253.25,21540000
Mar 12 2018,254.1,255.25,247.25,252.85,25330000
Mar 13 2018,251.3,262.4,249.6,254.7,37650000
Mar 14 2018,252.5,257.85,250,257.05,25470000
Mar 15 2018,257,258.8,252.55,253.7,18340000
Mar 16 2018,250.65,255.7,250.1,252.3,25730000
Mar 19 2018,252.9,253.6,246.1,247.95,18170000
Mar 20 2018,246.85,252.25,245.35,249.1,20560000
Mar 21 2018,251.75,254.3,247.1,248,19530000
Mar 22 2018,247,247.35,240.65,241.55,26830000
Mar 23 2018,237.8,239.65,232.35,234.8,27150000
Mar 26 2018,234.75,247.85,234.25,246.5,30370000
Mar 27 2018,250,255.5,248,254.35,31210000
Mar 28 2018,252,256.2,248.7,249.9,36670000
Apr 02 2018,251.8,252,244.9,246.15,14990000
Apr 03 2018,249.55,252.8,248.25,250.5,19880000
Apr 04 2018,251.7,253,245.5,247.3,18820000
Apr 05 2018,252.6,261.9,250,259.3,22880000
Apr 06 2018,259.65,261.45,254.85,259.7,24870000
Apr 09 2018,260.65,262.75,257.6,260.65,20210000
Apr 10 2018,261.1,265,258.5,263.3,21200000
Apr 11 2018,263,263,256.3,257.05,14890000
Apr 12 2018,257.5,257.5,252.25,253.8,18660000
Apr 13 2018,254,255.95,249.7,250.95,25650000
Apr 16 2018,249.35,251.3,247.1,249,16410000
Apr 17 2018,251.4,252.5,246.6,248.15,15920000
Apr 18 2018,249.5,249.9,245.3,246.45,16140000
Apr 19 2018,247.1,248.45,245.2,246.15,13170000
Apr 20 2018,245.85,245.85,239.5,241.2,15550000
Apr 23 2018,241.9,244.85,239.3,242.45,12110000
Apr 24 2018,242,243.4,239.6,240.6,9490000
Apr 25 2018,239.7,240.75,236.75,237.2,13120000
Apr 26 2018,238.4,238.8,232.5,233.2,24500000
Apr 27 2018,233.25,245.8,233.25,242.6,31400000
Apr 30 2018,244.8,249.7,244.5,246.4,17260000
May 02 2018,245.9,246.3,239.75,241,12890000
May 03 2018,240.95,243.4,238.75,241.9,12940000
May 04 2018,243.5,243.9,240.35,241.95,12780000
May 07 2018,242.45,248.2,242.05,246.5,15120000
May 08 2018,248,252.6,244.6,250.05,23290000
May 09 2018,249.8,249.8,246.3,248,11430000
May 10 2018,248.25,250.2,246.3,247.95,13160000
May 11 2018,247.6,251.6,246.05,250.35,11960000
May 14 2018,249.95,255.8,248.15,253.6,18670000
May 15 2018,253,257.45,245.9,248,18030000
May 16 2018,245.5,248.7,240.6,243.1,17220000
May 17 2018,244.2,246,241.15,242.7,11720000
May 18 2018,243,244,237.85,238.85,11870000
May 21 2018,243.55,245.75,240.3,244.45,18780000
May 22 2018,243.65,259.7,241,253.9,68710000
May 23 2018,254.65,269.75,254.3,263.2,71200000
May 24 2018,263.85,269.7,260.65,268.5,34680000
May 25 2018,267.8,268.4,262.55,266.95,22320000
May 28 2018,267.4,274.2,266.05,272.05,18960000
May 29 2018,270.5,270.95,262.8,264.3,16110000
May 30 2018,260.5,268,259.95,267.15,19320000
May 31 2018,266.85,274.8,263.15,269.55,31940000
Jun 01 2018,269.25,269.8,264.6,266.7,16570000
Jun 04 2018,268,268.35,261.3,263,12930000
Jun 05 2018,260.9,265.25,260.9,263.55,14100000
Jun 06 2018,263,271.4,262.2,270.15,18320000
Jun 07 2018,271.05,272.9,268.4,269.65,18770000
Jun 08 2018,268.95,273.9,267,273,14100000
Jun 11 2018,273.3,278.4,273.15,274,18220000
Jun 12 2018,274,284.4,274,282.85,31360000
Jun 13 2018,284,289.65,283.65,287.7,26750000
Jun 14 2018,286.55,286.55,281.3,282.6,18510000
Jun 15 2018,282.75,283.45,276.6,277.45,16950000
Jun 18 2018,278,279.75,275.45,276.85,13540000
Jun 19 2018,276,276.7,269.75,272.6,20730000
Jun 20 2018,273.2,274.75,271.1,273.3,14000000
Jun 21 2018,274.75,274.75,268.1,268.65,12950000
Jun 22 2018,269,273.7,265.75,273.05,20780000
Jun 25 2018,271.85,273.15,267.2,268.45,10930000
Jun 26 2018,267.25,271.2,265.4,267.4,16870000
Jun 27 2018,267.35,267.35,261,261.7,16280000
Jun 28 2018,260.4,262,255.7,257,21350000
Jun 29 2018,258.25,263.45,258.2,259.35,16240000
Jul 02 2018,258.95,261.75,254,258.85,21900000
Jul 03 2018,259.6,260.9,256.4,257.5,16100000
Jul 04 2018,255.75,258.35,254.5,257.45,14210000
Jul 05 2018,257.9,258.7,255.15,256.45,11220000
Jul 06 2018,256.1,260.8,255.55,257.2,16170000
Jul 09 2018,258.2,262.4,257.95,261.55,13220000
Jul 10 2018,263.85,265.75,262.4,263.75,11490000
Jul 11 2018,262.65,262.65,257.9,259.1,12860000
Jul 12 2018,261.4,264.5,261.15,262.75,10640000
Jul 13 2018,262.1,262.4,256.8,257.75,11980000
Jul 16 2018,257,257.5,251,251.6,8970000
Jul 17 2018,250.7,259.85,250.45,259.05,16070000
Jul 18 2018,260.1,262.5,256.15,259.55,17640000
Jul 19 2018,259.4,263.5,256.2,260.2,9960000
Jul 20 2018,259.9,263,258.55,261.5,6120000
Jul 23 2018,262,267.5,260.6,266.35,17010000
Jul 24 2018,267.2,269.2,265.55,266.85,9320000
Jul 25 2018,268,272.85,265.65,271.85,13100000
Jul 26 2018,275.1,289.4,274.2,287.7,53500000
Jul 27 2018,289.5,297,285.1,286.75,32180000
Jul 30 2018,289.2,299.55,289.2,297.4,40950000
Jul 31 2018,297,302.4,291.8,293.5,36510000
Aug 01 2018,294.5,298,288.35,295.1,33890000
Aug 02 2018,293,296.4,290.55,293.9,15670000
Aug 03 2018,294.6,299.95,294.5,299.25,18250000
Aug 06 2018,300.6,311.35,300.6,308.5,31580000
Aug 07 2018,309.85,311.7,303.05,304.05,23930000
Aug 08 2018,304.05,310.9,303.05,308.7,20500000
Aug 09 2018,312.95,319.85,310.15,317.4,46460000
Aug 10 2018,317.65,326.4,300.5,304.45,111510000
Aug 13 2018,296,302.8,291.1,294.15,58130000
Aug 14 2018,296.7,298.95,293.35,294.9,25290000
Aug 16 2018,293.5,298.4,290.25,292.7,31080000
Aug 17 2018,295,302.7,294.05,302.1,21930000
Aug 20 2018,304.1,308.7,303.6,307.65,20240000
Aug 21 2018,308.3,308.85,303.35,307,14140000
Aug 23 2018,306.95,306.95,298.3,302.45,22720000
Aug 24 2018,300.6,305.7,299,300.45,18870000
Aug 27 2018,304,310.35,303.3,308,28110000
Aug 28 2018,308.05,310.25,303.4,305.35,16890000
Aug 29 2018,306.8,312,305.75,309.7,24320000
Aug 30 2018,309.3,310.5,306,308.6,19940000
Aug 31 2018,307.9,310.65,304.55,309.6,18100000
Sep 03 2018,312.5,312.5,304.8,306.35,14710000
Sep 04 2018,306.8,307.45,295.45,296.4,42860000
Sep 05 2018,296.5,298.85,290.4,296.55,22920000
Sep 06 2018,298,299.85,294.5,296.45,18000000
Sep 07 2018,295.9,295.9,289.45,291.65,23720000
Sep 10 2018,290.65,293.25,283.8,284.85,23350000
Sep 11 2018,287.35,291.45,281.65,282.6,28360000
Sep 12 2018,284,286.7,280,285.3,22720000
Sep 14 2018,290.1,291.8,288.7,290.65,15150000
Sep 17 2018,288.5,288.5,284.1,285.3,16090000
Sep 18 2018,285,286.9,272.4,273.8,33900000
Sep 19 2018,275.4,282.85,270.5,271.5,40760000
Sep 21 2018,274.2,279.45,253.4,270.6,39310000
Sep 24 2018,272.7,273,262.6,264.35,24630000
Sep 25 2018,264,272.95,260.8,270.9,28950000
Sep 26 2018,274,274,262.75,263.85,23950000
Sep 27 2018,264.5,268.6,263.75,265.35,24830000
Sep 28 2018,266.4,273.5,262.5,265.5,33800000
Oct 01 2018,265.5,275.2,264.1,273.85,17710000
Oct 03 2018,273.35,278.7,270.6,271.7,19710000
Oct 04 2018,267.95,272.7,265.7,271.35,17750000
Oct 05 2018,271,271,256,258.35,36630000
Oct 08 2018,259.75,268.5,258.35,265.75,21100000
Oct 09 2018,268,268.15,260,262.95,16010000
Oct 10 2018,261.6,280.45,261.2,278.65,31770000
Oct 11 2018,268,271.5,260.6,262.15,46290000
Oct 12 2018,266,267.9,261.5,263.75,42970000
Oct 15 2018,264.4,265.7,261.1,263.2,21970000
Oct 16 2018,264.6,270.85,263.35,270.3,33600000
Oct 17 2018,273.75,275,260,261.15,21630000
Oct 19 2018,259.7,264.2,258.1,261.1,28470000
Oct 22 2018,266,266,259.45,260.35,19930000
Oct 23 2018,258,259,255,255.65,20210000
Oct 24 2018,260.25,261.8,252.8,255.7,25640000
Oct 25 2018,254.5,255,248.4,249.55,33070000
Oct 26 2018,252,252.5,247.4,248.1,20540000
Oct 29 2018,250,269.25,248.4,267.9,37770000
Oct 30 2018,267.5,279.1,266,273.15,33400000
Oct 31 2018,275,282.75,268.6,281.4,28140000
Nov 01 2018,283,289,278.85,285.9,29140000
Nov 02 2018,287.9,292.8,283.2,285.35,27760000
Nov 05 2018,286.45,300,283.5,294.95,44620000
Nov 06 2018,296.1,298.3,283.9,286.45,40690000
Nov 07 2018,288.9,288.9,285.95,286.55,3310000
Nov 09 2018,287,287.5,282.45,283.25,19200000
Nov 12 2018,283.7,283.7,276.85,277.95,24040000
Nov 13 2018,276.3,279.7,273.35,278.05,25630000
Nov 14 2018,280.4,287.7,278,283.6,52670000
Nov 15 2018,283.85,287.05,281.15,285.4,18450000
Nov 16 2018,285.9,291.8,282.6,290.9,24810000
Nov 19 2018,293.5,293.5,286.05,288.15,13800000
Nov 20 2018,285.9,288.55,282.5,283.45,12900000
Nov 21 2018,283.45,289.55,283.05,287.05,16170000
Nov 22 2018,285.95,287.05,281.6,282.7,12070000
Nov 26 2018,284.1,287.25,279.6,286.4,16850000
Nov 27 2018,284.6,290.5,284.05,289.4,21240000
Nov 28 2018,289.4,292.45,283,284.55,19840000
Nov 29 2018,289.3,289.65,284.25,286.4,27920000
Nov 30 2018,288.8,290.9,283.2,284.65,17580000
Dec 03 2018,286.7,287.9,283.25,286.8,15770000
Dec 04 2018,287.95,287.95,281.9,282.55,11900000
Dec 05 2018,282.45,283.2,277.05,280.15,14890000
Dec 06 2018,278,279.25,275.1,275.65,11080000
Dec 07 2018,277,277.35,272.1,275.4,10170000
Dec 10 2018,271,276.4,270.15,274.2,11950000
Dec 11 2018,268.35,283.25,268.35,281.25,30930000
Dec 12 2018,283.75,285.85,282.2,285.25,21770000
Dec 13 2018,290,294,285.75,289,24100000
Dec 14 2018,288.5,290.8,287.05,289.2,12160000
Dec 17 2018,289.3,291.45,287.3,289.5,12730000
Dec 18 2018,287.85,294,287,292.75,13610000
Dec 19 2018,294.7,302,294.7,300.7,26120000
Dec 20 2018,298.35,301.65,293.15,294.05,19220000
Dec 21 2018,293.65,296.5,290.8,291.9,15780000
Dec 24 2018,293.5,295,290.15,293.05,12050000
Dec 26 2018,292.85,295,287.15,294.15,12680000
Dec 27 2018,296.7,297.6,291.5,292.15,15300000
Dec 28 2018,293.6,297.1,293.55,294.8,12880000
Dec 31 2018,297.2,298.25,295.5,295.9,9530000
Jan 01 2019,297.5,300.7,293.85,299.6,11840000
Jan 02 2019,299.1,302.5,293.1,293.9,25560000
Jan 03 2019,295,295.55,290.1,291.1,17550000
Jan 04 2019,292.1,299,291.5,297.65,19510000
Jan 07 2019,301.05,301.5,295.2,296.3,14580000
Jan 08 2019,295.8,306,294.75,305.3,22950000
Jan 09 2019,306,307.1,300.75,305.3,21110000
Jan 10 2019,305.1,307.5,303.5,305.55,16300000
Jan 11 2019,305.4,306.2,300.95,302.75,12700000
Jan 14 2019,301,303.6,299.55,300.4,10370000
Jan 15 2019,302,303.6,301.1,301.65,9440000
Jan 16 2019,303,306.65,302.1,303.15,12110000
Jan 17 2019,303.9,304.35,295.6,297.4,15970000
Jan 18 2019,298.75,299.85,294.25,294.95,9080000
Jan 21 2019,295.9,296.75,291.45,292.45,10190000
Jan 22 2019,293,293,288.2,290.25,11300000
Jan 23 2019,290.45,292.95,285.5,286.65,10300000
Jan 24 2019,286.65,289.9,285.5,288.05,11530000
Jan 25 2019,289.6,291,283.2,285.4,11120000
Jan 28 2019,285.65,286.6,277.3,281.6,18910000
Jan 29 2019,281,286,276.55,280.6,17440000
Jan 30 2019,281.2,289.4,280.25,287.45,18910000
Jan 31 2019,290,294.8,288,293.65,25550000
Feb 01 2019,296.9,302.7,282,284.4,60020000
Feb 04 2019,282.4,285.2,277.85,283.95,20640000
Feb 05 2019,284.2,287,283,284.65,13290000
Feb 06 2019,285.85,289.75,283.5,289.05,12150000
Feb 07 2019,289.4,294,286.6,287.4,19730000
Feb 08 2019,285.6,288,282.2,286,19780000
Feb 11 2019,285.95,285.95,280,280.5,15420000
Feb 12 2019,280.65,282.2,274.65,275.4,15330000
Feb 13 2019,276.5,276.7,266.7,268.2,18660000
Feb 14 2019,268,268.35,263.65,267.1,26370000
Feb 15 2019,268.85,268.85,261.3,262.95,23370000
Feb 18 2019,264.4,265.5,258.8,259.95,14780000
Feb 19 2019,260.9,267.5,260.3,262.9,19060000
Feb 20 2019,264.5,268.3,264.3,267.7,15510000
Feb 21 2019,270.3,271,267.3,268,13760000
Feb 22 2019,267.9,271.9,267.6,270.95,12540000
Feb 25 2019,271.3,271.4,267.9,270.15,20790000
Feb 26 2019,266.8,268.2,263.25,266.35,15270000
Feb 27 2019,268,272.7,266.55,267.65,20570000
Feb 28 2019,267.7,270.8,267.65,269.05,31640000
Mar 01 2019,270.55,274.6,270.1,272.95,20020000
Mar 05 2019,271.7,277.85,271.2,276.45,21530000
Mar 06 2019,277.3,282.55,276.45,278.1,22160000
Mar 07 2019,279.45,282.5,277.65,281.75,14900000
Mar 08 2019,281.85,284.25,279.6,281.2,19940000
Mar 11 2019,285.3,289,283.5,287.35,22930000
Mar 12 2019,289.2,289.9,285.75,286.9,20830000
Mar 13 2019,288.1,294.4,284.7,293.15,23730000
Mar 14 2019,294.5,294.7,290.75,291.9,16160000
Mar 15 2019,292.6,301.3,292.5,298.4,37930000
Mar 18 2019,298.9,300.9,294.65,298.95,23780000
Mar 19 2019,300.15,306.6,299.15,303.05,27220000
Mar 20 2019,302.8,304.65,300.05,303.8,18820000
Mar 22 2019,304.3,306.4,296.95,298.05,17870000
Mar 25 2019,294,295.45,292.2,294,16900000
Mar 26 2019,294.75,305,294.75,303.5,18300000
Mar 27 2019,305.25,310.85,304.35,308.8,35960000
Mar 28 2019,310.1,339.65,309.05,319,63240000
Mar 29 2019,321.1,323,316.25,320.75,30390000
Apr 01 2019,321.8,327.65,321.05,322.75,22370000
Apr 02 2019,323.65,331,322.1,329,27900000
Apr 03 2019,331,332.45,319.5,320.5,30550000
Apr 04 2019,321.5,325.75,318.3,321.8,27830000
Apr 05 2019,323.7,323.7,315,317.05,23120000
Apr 08 2019,318.25,319.25,311.1,312.8,17390000
Apr 09 2019,313.95,315.7,308.1,314.75,25560000
Apr 10 2019,314.85,317.05,310,310.9,19240000
Apr 11 2019,311,315.4,308.7,314.9,14900000
Apr 12 2019,314.6,316.4,311.2,315.25,14750000
Apr 15 2019,315.5,318.7,313.75,315.6,13860000
Apr 16 2019,316.6,319.4,314.7,315.75,14940000
Apr 18 2019,315.8,315.8,308.05,310.8,15690000
Apr 22 2019,308.8,312.3,306.35,310.05,15670000
Apr 23 2019,310.05,313.75,304.6,305.25,17320000
Apr 24 2019,305.85,311.95,303.6,310.75,15230000
Apr 25 2019,311,312,305.4,306.2,30840000
Apr 26 2019,306.9,313.5,306.6,312.5,14990000
Apr 30 2019,312,312,305,309.95,18180000
May 02 2019,308.05,311.4,305.65,308.15,16640000
May 03 2019,309,311.8,308.8,310,12450000
May 06 2019,306.8,310.3,305.9,308.75,10640000
May 07 2019,310.7,313.4,303.75,305.45,15220000
May 08 2019,303.95,305.3,296.75,298.25,22100000
May 09 2019,297.6,301,296.1,299.3,12650000
May 10 2019,301.8,310.75,292.45,308.05,60740000
May 13 2019,310,314.2,305.3,306.9,40100000
May 14 2019,307.85,316.75,305.1,314.65,30520000
May 15 2019,316.2,317.9,311,312.1,27930000
May 16 2019,312.5,317.1,309.55,315.75,18150000
May 17 2019,315.65,321.95,313.45,319.25,25840000
May 20 2019,332,345.8,331,344.7,53210000
May 21 2019,345.9,347.55,336.25,337.55,33460000
May 22 2019,338.9,342.6,333.55,341.1,32000000
May 23 2019,353,364,339.2,342.2,74410000
May 24 2019,344.95,357,343.5,355.35,35700000
May 27 2019,355.05,362.5,354,361.7,31370000
May 28 2019,360.95,361.7,356.65,360.05,23500000
May 29 2019,358,359,347.15,348.65,28370000
May 30 2019,349.75,355,347.5,353.55,25710000
May 31 2019,354.35,357.9,344.65,352.5,32590000
Jun 03 2019,352.35,356.45,349.65,355.45,18380000
Jun 04 2019,354,357.2,351.4,352.4,18130000
Jun 06 2019,349,349.6,335.9,336.9,41940000
Jun 07 2019,337,342.75,336,342.05,29740000
Jun 10 2019,346,347.3,340.15,344.3,20500000
Jun 11 2019,345.05,348.3,342.85,347.1,16280000
Jun 12 2019,346.95,346.95,342.3,344,11560000
Jun 13 2019,343,347.45,339.8,346.5,15510000
Jun 14 2019,345.5,346.35,342.55,343.8,10350000
Jun 17 2019,343.75,343.75,336.95,337.85,13780000
Jun 18 2019,335.5,344,333.8,340.05,21960000
Jun 19 2019,343.1,345.2,335.5,338.85,16420000
Jun 20 2019,341,346.25,335.6,345.15,20630000
Jun 21 2019,344.8,350.7,343.15,349.4,24750000
Jun 24 2019,350,354.75,349.65,353.2,17920000
Jun 25 2019,352.7,357,351.25,356.55,15920000
Jun 26 2019,355.75,359,354.3,358.15,15840000
Jun 27 2019,358.1,363,357.25,362.15,29660000
Jun 28 2019,362.2,365,358.7,361.25,22710000
Jul 01 2019,362.8,363,358.5,361.55,12350000
Jul 02 2019,362.15,365,360.35,364.5,14480000
Jul 03 2019,365.25,366.7,363,366.15,12630000
Jul 04 2019,367.25,370.9,366.2,367.4,19250000
Jul 05 2019,369.45,373.6,366,370.65,30020000
Jul 08 2019,368,368.45,353.5,355.3,27250000
Jul 09 2019,353.5,360,352.5,359.5,16580000
Jul 10 2019,360.55,361.5,351.3,354.2,18680000
Jul 11 2019,358.5,364,357,363.2,20050000
Jul 12 2019,363,366.55,361.5,363.6,14660000
Jul 15 2019,364.1,365,357.6,360.05,15670000
Jul 16 2019,358.5,366,357.65,364.35,16250000
Jul 17 2019,364.05,373.55,363.05,372.4,17550000
Jul 18 2019,371.95,373.8,362.55,363.65,21690000
Jul 19 2019,365.1,366.05,355.15,356,22210000
Jul 22 2019,356,359.55,348.7,350.85,19680000
Jul 23 2019,351.2,353,341,342.2,27960000
Jul 24 2019,341.85,344.7,336.25,339.6,20820000
Jul 25 2019,341.7,343.2,337.4,341.3,19860000
Jul 26 2019,340.8,346.15,340.5,342.6,16140000
Jul 29 2019,343.95,346.55,336.8,343.8,17060000
Jul 30 2019,344.4,346.7,325.85,327.55,24440000
Jul 31 2019,325.1,333.2,323.9,332.2,22740000
Aug 01 2019,330.8,331.5,311.35,317.15,40850000
Aug 02 2019,315.55,322.25,307.05,308.45,64470000
Aug 05 2019,298.45,302.85,291.7,300.25,48820000
Aug 06 2019,298.8,304.25,297.25,301.4,30440000
Aug 07 2019,302.4,302.45,288.8,289.9,30820000
Aug 08 2019,290,295.5,285.6,294.35,32930000
Aug 09 2019,296.3,298,290.05,291.35,23380000
Aug 13 2019,290.9,291.55,282.5,283.35,24230000
Aug 14 2019,285.05,291.25,284.5,289.75,18520000
Aug 16 2019,287.95,292.8,284.3,290.9,20050000
Aug 19 2019,292,292.4,286,286.85,19830000
Aug 20 2019,287.3,287.4,280.65,283.7,23200000
Aug 21 2019,285.5,285.6,276.3,277.4,28230000
Aug 22 2019,278.3,278.3,267.3,268.55,27730000
Aug 23 2019,267.1,275.25,262.7,271.1,35210000
Aug 26 2019,288,288,270,280.2,64070000
Aug 27 2019,284,288,282.6,285.7,45160000
Aug 28 2019,286.65,286.65,282.2,284.9,18980000
Aug 29 2019,283.2,284.3,273.3,274.5,27080000
Aug 30 2019,275.95,277.95,266.85,273.85,45700000
Sep 03 2019,272,272,266.95,268.4,21240000
Sep 04 2019,269.7,275.85,267.25,275.1,27310000
Sep 05 2019,275,276.35,271.05,273.3,25090000
Sep 06 2019,275.05,277,272.1,273.95,16680000
Sep 09 2019,273.95,278.7,271,278,18620000
Sep 11 2019,278.5,285.85,278.5,285.25,21000000
Sep 12 2019,286.75,288.8,284.15,287.05,21960000
Sep 13 2019,285,292.5,282,291.7,27300000
Sep 16 2019,288.2,290.45,283.8,284.7,18270000
Sep 17 2019,285,286.45,273,273.95,21530000
Sep 18 2019,277.2,282.95,274.4,280.4,25480000
Sep 19 2019,279.95,279.95,273.05,274.05,23390000
Sep 20 2019,274.5,307.65,268.4,301.7,84480000
Sep 23 2019,307.55,316,300.4,313.75,54180000
Sep 24 2019,313.15,315.15,300.8,302.6,40100000
Sep 25 2019,297,297.5,278.7,280.25,73060000
Sep 26 2019,281.5,289.9,277,281.85,79010000
Sep 27 2019,282.7,286.05,280,281.2,37850000
Sep 30 2019,281.4,281.85,270.15,270.8,41090000
Oct 01 2019,272.75,275.5,245.55,255.95,79350000
Oct 03 2019,254,260.7,250.1,254.15,56210000
Oct 04 2019,258.5,260.5,248.55,249.95,60030000
Oct 07 2019,251.5,253.4,246.85,249.1,39160000
Oct 09 2019,250.1,262,244.35,260.95,60330000
Oct 10 2019,258,258,252.6,254.15,37580000
Oct 11 2019,256.2,261.4,251.5,254.55,43270000
Oct 14 2019,256.95,259.4,254,255.45,28270000
Oct 15 2019,256.45,259.9,254.8,258.45,23440000
Oct 16 2019,259.3,261.95,255,256.05,30890000
Oct 17 2019,256.4,266,255.6,265.45,37060000
Oct 18 2019,264.4,271.35,263.2,269.65,33200000
Oct 22 2019,270.4,275,268.5,270.5,27570000
Oct 23 2019,270.75,277.8,268.65,275.45,31790000
Oct 24 2019,276,277.65,248.65,262.5,63940000
Oct 25 2019,265.8,284.15,263.55,281.55,105520000
Oct 27 2019,284.95,284.95,280.25,281.8,12190000
Oct 29 2019,283.15,285,278.55,280.65,51030000
Oct 30 2019,283,291,279.25,289.9,51470000
Oct 31 2019,293.35,317.8,292.75,312.4,128450000
Nov 01 2019,312.4,315,308.6,313.55,44890000
Nov 04 2019,316,319,312.35,314.3,31540000
Nov 05 2019,313.9,322,312.8,319.2,50080000
Nov 06 2019,318.95,318.95,314,317.55,32160000
Nov 07 2019,318.25,323.3,316.8,318.15,33930000
Nov 08 2019,316.2,321,314.5,316,25420000
Nov 11 2019,314.7,319.65,313.1,318.25,20490000
Nov 13 2019,316.05,318.6,305.65,306.8,32680000
Nov 14 2019,306.95,309.5,299.7,306,43620000
Nov 15 2019,312,323.7,310.05,321.9,95200000
Nov 18 2019,324,329.85,323.75,325.1,39010000
Nov 19 2019,325.8,331.8,322.1,330.4,41370000
Nov 20 2019,332,332.5,325.1,328.8,29970000
Nov 21 2019,329.25,332.85,326.55,331.35,34120000
Nov 22 2019,331.45,333.8,328.25,329.3,28970000
Nov 25 2019,329,337.5,328.35,336.1,27560000
Nov 26 2019,338,340,332.6,335.5,36460000
Nov 27 2019,335.95,345.55,334.05,343.55,33970000
Nov 28 2019,346.85,351,344.5,349.3,42540000
Nov 29 2019,348.85,348.85,340.6,341.85,23080000
Dec 02 2019,343.9,344.35,336.2,338.5,20650000
Dec 03 2019,341,342.95,333.35,336.25,26480000
Dec 04 2019,334.1,342.95,331.85,341.85,26790000
Dec 05 2019,343,344.6,335.15,336.2,30430000
Dec 06 2019,336.7,337.65,318,320,47030000
Dec 09 2019,318.95,327.65,314.75,316.7,52440000
Dec 10 2019,317.2,322.65,312.25,313.4,52160000
Dec 11 2019,311.2,315.75,308,312.8,52560000
Dec 12 2019,314,322.95,313.55,321.85,37800000
Dec 13 2019,325.2,333.45,325,332.55,40960000
Dec 16 2019,335.95,337.25,330.8,331.85,35030000
Dec 17 2019,333.25,335.75,330.65,332.9,26730000
Dec 18 2019,335,335.55,325.8,326.95,26450000
Dec 19 2019,327.35,329.6,324.5,328.15,27520000
Dec 20 2019,330.35,339.5,330.35,337.85,51840000
Dec 23 2019,335.7,338.85,330.35,332.4,30150000
Dec 24 2019,333.2,334.2,329.2,331.45,21750000
Dec 26 2019,333,333.45,328.1,329.85,24620000
Dec 27 2019,333.4,338.35,333,337.25,33480000
Dec 30 2019,337.75,337.85,332.5,334.4,22780000
Dec 31 2019,334.4,336.35,332.55,333.75,23800000
Jan 01 2020,334.7,335.95,332.15,334.45,17380000
Jan 02 2020,334.5,339.85,333.35,339.3,20320000
Jan 03 2020,337.95,337.95,332,333.7,21850000
Jan 06 2020,331.7,331.7,317.7,319,35650000
Jan 07 2020,324.45,327,315.4,318.4,50970000
Jan 08 2020,312.1,321.5,311,319.8,44530000
Jan 09 2020,326.9,331.4,325,330.2,40350000
Jan 10 2020,331,337.95,328.1,332.25,42380000
Jan 13 2020,334,335.45,329.05,330.75,23620000
Jan 14 2020,329.8,331.7,326.5,328,26300000
Jan 15 2020,329,329.2,322.35,324.25,32630000
Jan 16 2020,324,326.9,322.35,323.3,26650000
Jan 17 2020,313,323.5,310.1,318,58400000
Jan 20 2020,321,321.45,313.4,314,30680000
Jan 21 2020,313.8,316.95,312,313.7,30590000
Jan 22 2020,317,317,313.7,316.15,24990000
Jan 23 2020,316,324.8,314.15,323.2,33290000
Jan 24 2020,323.5,327.3,321.15,324.05,22710000
Jan 27 2020,320.9,322,315.8,316.2,23310000
Jan 28 2020,317.95,320,311.05,315.1,26490000
Jan 29 2020,317.85,319.7,315.55,316.45,23910000
Jan 30 2020,316.75,316.75,305.65,310.7,35800000
Jan 31 2020,313.7,321.7,308.6,318.45,92660000
Feb 01 2020,317.95,322.65,296.3,302.6,61840000
Feb 03 2020,303,306.85,295.35,298.1,56060000
Feb 04 2020,302.9,307.55,297.1,306.25,51140000
Feb 05 2020,306.9,313.65,304.6,311,35010000
Feb 06 2020,311.2,323.5,310.1,321.95,57760000
Feb 07 2020,321.5,325,318.4,320.55,37130000
Feb 10 2020,319.8,322.8,316.5,318.5,24820000
Feb 11 2020,321.05,325.8,321.05,324.35,30190000
Feb 12 2020,329.9,329.9,319.25,320.2,38930000
Feb 13 2020,322,330.95,322,327.45,62520000
Feb 14 2020,328.1,331.9,318.55,319.4,48210000
Feb 17 2020,320.95,321.15,311.65,314.2,36950000
Feb 18 2020,315.4,319.2,309.4,317.55,38590000
Feb 19 2020,322.3,324,317.25,320.35,39850000
Feb 20 2020,319.35,329.2,318.75,327.65,40150000
Feb 24 2020,325.75,331.3,321.85,322.95,45270000
Feb 25 2020,325.9,328.15,322.2,326.8,39050000
Feb 26 2020,324.85,330.8,324.2,328.2,43920000
Feb 27 2020,328,330,318,321.95,47010000
Feb 28 2020,312,314.65,301.1,303,59710000
Mar 02 2020,311,312,284.05,287.4,66710000
Mar 03 2020,293,294.4,285.3,289.85,61950000
Mar 04 2020,291.8,293,275.1,285.3,73680000
Mar 05 2020,290.9,298.4,270,288.5,149250000
Mar 06 2020,268,274.4,253.95,270.5,106040000
Mar 09 2020,260.05,262.75,251.15,253.45,101290000
Mar 11 2020,253,258.5,243.1,245.1,90850000
Mar 12 2020,231.9,231.9,208.6,212.6,99770000
Mar 13 2020,200,248.8,184.65,242,155700000
Mar 16 2020,227.9,231.4,220.6,223.35,75580000
Mar 17 2020,227.2,229.9,212.05,215.15,65410000
Mar 18 2020,221,223.15,200.1,215.2,101410000
Mar 19 2020,202.95,219.75,198.15,203.65,93540000
Mar 20 2020,205.55,215.7,200,209.85,77390000
Mar 23 2020,190,199.5,180.25,181.6,61750000
Mar 24 2020,190.95,191.95,173.55,183.2,67490000
Mar 25 2020,178,195.25,176.45,189.9,71570000
Mar 26 2020,191.55,201,185.1,192.75,107260000
Mar 27 2020,202,211.9,195,195.95,114750000
Mar 30 2020,190,195,186.25,186.9,60080000
Mar 31 2020,192,198.5,188.05,196.85,59540000
Apr 01 2020,194,194.5,185.25,186.55,52950000
Apr 03 2020,187.55,188.2,175,175.5,64460000
Apr 07 2020,184.4,187.3,177.6,186.4,72130000
Apr 08 2020,182.9,194.4,180.45,183,80440000
Apr 09 2020,188,190,183.6,187.75,62420000
Apr 13 2020,186.8,188.7,183.1,183.5,51850000
Apr 15 2020,187,191.95,180.15,182.35,72190000
Apr 16 2020,182,189.9,180.25,188.5,61170000
Apr 17 2020,196,198,186.3,193.25,89860000
Apr 20 2020,194,197.35,190.05,192.5,81960000
Apr 21 2020,188,188.2,183,184.75,53040000
Apr 22 2020,185.5,189.5,181.35,188.7,61500000
Apr 23 2020,187.75,189.9,185.15,186.7,50960000
Apr 24 2020,184,184,179,179.75,65150000
Apr 27 2020,183.5,183.5,180.5,180.9,43000000
Apr 28 2020,182,185.35,181.2,184.3,49590000
Apr 29 2020,185,191.8,183.5,190.1,57470000
Apr 30 2020,193.5,195.9,189.7,190.5,63070000
May 04 2020,182.45,183.5,178,178.85,58120000
May 05 2020,181,181.25,168.8,170.4,91050000
May 06 2020,171.15,173.3,166.55,171.1,73160000
May 07 2020,170.85,172.55,168.8,170.75,42940000
May 08 2020,172.45,173.8,166.1,166.65,55940000
May 11 2020,167.95,168.9,165,165.45,54590000
May 12 2020,164.2,168.5,160.85,166.9,70750000
May 13 2020,178.55,178.55,170.5,174.1,81720000
May 14 2020,170.95,171.75,167.5,167.95,48140000
May 15 2020,167.95,168.25,164.7,166.4,35500000
May 18 2020,166.4,166.4,155,155.3,77350000
May 19 2020,157.5,157.85,152.4,152.8,71520000
May 20 2020,153,155.25,151.15,153.4,66180000
May 21 2020,153.65,156.15,151.5,151.95,61150000
May 22 2020,152,155.6,149.45,150.85,87070000
May 26 2020,152.4,153.2,150.2,151.4,48280000
May 27 2020,151.95,160.8,150.8,158.6,88210000
May 28 2020,159.45,162.4,156.7,158.2,76970000
May 29 2020,156.1,161.9,155.2,161.3,58370000
Jun 01 2020,164,171.4,163.35,170.05,92740000
Jun 02 2020,169.9,171.3,167.2,170.25,70420000
Jun 03 2020,172.5,179.9,172,174.9,113170000
Jun 04 2020,174.9,177.65,171.5,174.05,83500000
Jun 05 2020,176.55,189.8,176,187.8,201330000
Jun 08 2020,197,197.5,185.8,186.8,151750000
Jun 09 2020,187.7,191,183.35,184.45,96660000
Jun 10 2020,184.55,189,183.8,187.7,67340000
Jun 11 2020,188,190.4,176.35,177.15,91730000
Jun 12 2020,170,180,169.8,179.15,92760000
Jun 15 2020,177.85,177.85,172,173.7,63620000
Jun 16 2020,178,178.95,169.4,172.9,63930000
Jun 17 2020,171,176.2,169.25,172.95,73870000
Jun 18 2020,172.4,180.65,171.1,179.65,58260000
Jun 19 2020,180.3,184.95,179.5,184.5,76900000
Jun 22 2020,185,191.75,184.25,187.7,80020000
Jun 23 2020,189.6,193.1,187.85,192.45,65490000
Jun 24 2020,194.8,194.9,183.9,184.6,74670000
Jun 25 2020,182.2,186.8,180.4,185.25,73630000
Jun 26 2020,188,188.6,183.8,184.6,49180000
Jun 29 2020,183,183.1,178.5,179.25,50970000
Jun 30 2020,181.1,182.9,177.25,178.45,43620000
Jul 01 2020,179.45,185.4,178.6,184.8,54020000
Jul 02 2020,185.65,188,184,185.45,52130000
Jul 03 2020,186.65,186.85,183.4,184.7,38050000
Jul 06 2020,186.6,189.85,186.15,188.05,43790000
Jul 07 2020,187,189.2,184.05,188.6,55120000
Jul 08 2020,188.9,197.45,188.4,191.9,143080000
Jul 09 2020,192.8,201,192.55,199.1,89540000
Jul 10 2020,198,202.5,194.8,195.6,111410000
Jul 13 2020,198.8,199.8,191.6,192.7,61950000
Jul 14 2020,192.3,192.3,184.6,186.05,62240000
Jul 15 2020,187.95,189.95,183,183.8,58530000
Jul 16 2020,185,186.95,181.65,186.25,46550000
Jul 17 2020,186.8,189.5,185,188.2,47040000
Jul 20 2020,190,193.25,188.75,190.75,45680000
Jul 21 2020,192.45,196.2,191.5,194.4,59290000
Jul 22 2020,195.7,196.75,190.1,192,62280000
Jul 23 2020,192.4,199.1,191.15,198.25,70800000
Jul 24 2020,195.7,196.3,190.65,191.95,65270000
Jul 27 2020,193,193.2,186.5,187.15,50710000
Jul 28 2020,188,190.5,185.75,189.45,51490000
Jul 29 2020,187.6,195.25,187,191.2,73770000
Jul 30 2020,192.5,193.5,186.05,186.55,48480000
Jul 31 2020,188,194.85,186.7,191.45,145900000
Aug 03 2020,192,194.6,190.05,192.25,72460000
Aug 04 2020,193.35,193.8,190.5,191.6,43870000
Aug 05 2020,192.75,196.85,191,191.45,68890000
Aug 06 2020,192.3,194.5,190.25,190.95,59740000
Aug 07 2020,191.45,192.1,189.55,190.65,44820000
Aug 10 2020,191.85,195.5,191.7,193.8,48790000
Aug 11 2020,195,196.8,193.75,195.05,43890000
Aug 12 2020,196,204.25,194.6,203.3,157820000
Aug 13 2020,205.5,207.3,200.75,201.9,70440000
Aug 14 2020,203,204,194.6,196.5,56180000
Aug 17 2020,198.45,198.65,191.5,193.1,54790000
Aug 18 2020,193.8,195.75,191.7,195.1,46300000
Aug 19 2020,196.4,200.3,195.9,197.05,59300000
Aug 20 2020,194,196.35,193.25,194.75,37510000
Aug 21 2020,199,201.5,197.65,198.4,68050000
Aug 24 2020,200,202.8,198.6,201.45,53870000
Aug 25 2020,204,208.45,202.7,207.95,105400000
Aug 26 2020,208.5,210.35,206.15,209.85,66750000
Aug 27 2020,210.5,216.5,210.5,215.65,81000000
Aug 28 2020,217,225.9,216.8,224.85,95980000
Aug 31 2020,231.55,231.55,210.35,212,119990000
Sep 01 2020,213.1,218.9,211.2,218.1,75050000
Sep 02 2020,218.25,219,212.3,216.25,47610000
Sep 03 2020,217.5,218.25,212.3,213.15,38600000
Sep 04 2020,210,212.3,205.9,206.6,54440000
Sep 07 2020,207.5,209.65,205.4,207.9,35690000
Sep 08 2020,207.9,208.5,202.9,204.05,34150000
Sep 09 2020,201.1,201.4,192.5,194.85,72720000
Sep 10 2020,197.7,201.45,195.2,198.15,67790000
Sep 11 2020,198.55,203.85,197,202.7,48490000
Sep 14 2020,205.9,206.2,197.35,198.5,63610000
Sep 15 2020,199.9,201,197.1,200.15,51760000
Sep 16 2020,199.85,200.05,196.25,198.2,52410000
Sep 17 2020,197,198,195,195.45,41230000
Sep 18 2020,196,197.2,189.7,192.6,55290000
Sep 21 2020,193.05,193.5,184.25,185.8,57610000
Sep 22 2020,186.15,188.3,181.15,186.2,51220000
Sep 23 2020,188.15,188.95,181,183.8,44320000
Sep 24 2020,181.1,181.8,175.5,176.35,46120000
Sep 25 2020,179,182.75,176.15,182.2,46550000
Sep 28 2020,184,188.15,183.35,187.25,41920000
Sep 29 2020,188.5,188.95,183.25,185.05,35690000
Sep 30 2020,185.05,186.8,182.4,185.4,37640000
Oct 01 2020,187,191.2,186.9,190.3,43590000
Oct 05 2020,192,193.8,187.05,188.75,41690000
Oct 06 2020,191.1,192.1,188.3,191.6,31100000
Oct 07 2020,192.55,193.15,189.1,190.7,34580000
Oct 08 2020,191.35,195.8,190.55,191.5,43350000
Oct 09 2020,192,198.8,190.55,198.3,64910000
Oct 12 2020,199.7,205.95,197.25,198.7,69130000
Oct 13 2020,198.65,200,195.1,195.7,34950000
Oct 14 2020,194.05,200.9,193.05,200.05,40550000
Oct 15 2020,201,202.5,192,192.85,49180000
Oct 16 2020,194,196.75,191.6,195.95,36890000
Oct 19 2020,196.2,204.6,196.05,204,60220000
Oct 20 2020,201,204.35,200.7,203.05,39320000
Oct 21 2020,204.7,207.3,198.85,203.75,54520000
Oct 22 2020,201.9,204.6,201.1,203.3,33720000
Oct 23 2020,204,205.6,201.55,202.8,32710000
Oct 26 2020,202.7,204,195.6,196.7,45470000
Oct 27 2020,197.25,197.55,192.25,194.65,37800000
Oct 28 2020,195,195,189.05,190.45,46460000
Oct 29 2020,189.35,190.7,185.9,188.7,44820000
Oct 30 2020,189.35,192,186.15,189.25,41520000
Nov 02 2020,192.2,197.25,190.05,196.05,52600000
Nov 03 2020,198,205.8,197.6,204.75,69890000
Nov 04 2020,203.5,209,198.05,207,117580000
Nov 05 2020,216,221,214.75,218.65,138020000
Nov 06 2020,219,221.85,217.05,219.2,73150000
Nov 09 2020,222.5,222.65,217.05,219.5,60360000
Nov 10 2020,223.1,235,223,231.7,135290000
Nov 11 2020,232.75,239.35,227.75,234.2,107090000
Nov 12 2020,233.2,233.35,225.65,226.8,58860000
Nov 13 2020,225,230.65,220.1,229.45,70680000
Nov 14 2020,232,232.9,227.75,229.65,7750000
Nov 17 2020,231.85,241.6,231,240.2,80500000
Nov 18 2020,239.4,253,237.9,252,104510000
Nov 19 2020,248,251.8,239,239.75,82280000
Nov 20 2020,241.5,245.4,233.95,242.75,84410000
Nov 23 2020,243.5,246.15,238.1,238.7,57540000
Nov 24 2020,240.5,245,239.5,243.85,47640000
Nov 25 2020,245.45,249.9,241.6,243,74770000
Nov 26 2020,244,246.25,240.15,245.45,64250000
Nov 27 2020,245.45,246.25,242.05,244.25,54360000
Dec 01 2020,245,248.95,244.25,248.05,37000000
Dec 02 2020,248.35,250.85,244.1,246.95,56720000
Dec 03 2020,249.3,259,248,256.3,79270000
Dec 04 2020,257,264.35,253.55,263.5,79250000
Dec 07 2020,263.8,271.45,263,269.6,76050000
Dec 08 2020,270.95,273.7,265.25,271.9,65620000
Dec 09 2020,272.1,274.9,269.2,270.35,48500000
Dec 10 2020,269,271,265.55,269.55,38680000
Dec 11 2020,270.05,276.25,270.05,272.45,50260000
Dec 14 2020,274,276.15,272.35,274.2,31950000
Dec 15 2020,274.05,274.05,268.15,270.65,34890000
Dec 16 2020,272.8,273.65,268.5,269.4,24840000
Dec 17 2020,270,272.15,266.7,267.7,25900000
Dec 18 2020,267.7,271.95,265,271.45,29820000
Dec 21 2020,268.45,269,251.05,254.7,55160000
Dec 22 2020,254.8,258.7,248.25,257.45,51190000
Dec 23 2020,256.95,263.9,255.6,263,29060000
Dec 24 2020,265,268.85,264.65,266.85,28590000
Dec 28 2020,268.75,276,268,275.2,36870000
Dec 29 2020,276.3,279.9,274.7,277.9,45030000
Dec 30 2020,278,278.7,272.5,276.9,30970000
Dec 31 2020,275,277.25,272.6,274.95,29470000
Jan 01 2021,274.9,280,274.4,279.4,24530000
Jan 04 2021,281.85,283.9,277.75,281.05,31450000
Jan 05 2021,278.05,282.45,277,281.75,27390000
Jan 06 2021,283,289.15,281.4,285.05,40770000
Jan 07 2021,289,291.8,287,287.7,30550000
Jan 08 2021,290.1,291.4,285.2,286,32540000
Jan 11 2021,288,288.2,279.6,282.5,29700000
Jan 12 2021,280,293.85,277.9,292.5,44310000
Jan 13 2021,296,308,294.5,306.8,78040000
Jan 14 2021,306.7,309.25,303.8,307.25,40120000
Jan 15 2021,306.8,310.9,301.3,303.85,35310000
Jan 18 2021,303.5,308.65,292.2,294.45,54970000
Jan 19 2021,297.65,302.5,296.4,298.6,35800000
Jan 20 2021,298.8,304.7,296.85,302.55,33760000
Jan 21 2021,304,305.15,291.5,294.85,30000000
Jan 22 2021,295.5,298,282.4,283.7,44440000
Jan 25 2021,284.5,288,277.05,280.95,34030000
Jan 27 2021,280.2,284.85,272.7,275.65,39210000
Jan 28 2021,271.9,283.35,269.5,282.35,48720000
Jan 29 2021,285.6,290.65,279.1,282.1,42300000
Feb 01 2021,285.1,313.9,282.75,310.7,103410000
Feb 02 2021,315,337.4,315,333.1,121430000
Feb 03 2021,333.75,339.9,325.8,335.95,66420000
Feb 04 2021,334.4,358,331.1,355.1,145200000
Feb 05 2021,387,408.35,385.15,393.1,214960000
Feb 08 2021,398,407.8,394.75,397.05,79390000
Feb 09 2021,396.75,403.5,389,394.8,63870000
Feb 10 2021,394.05,397.9,388,392.25,54160000
Feb 11 2021,391.8,396.95,388.25,390.15,36390000
Feb 12 2021,391,399.35,385.55,393.15,53590000
Feb 15 2021,397.5,409.45,395.7,406.95,56610000
Feb 16 2021,412,415.75,400.3,402.35,80370000
Feb 17 2021,403,414.85,400.15,411.75,74160000
Feb 18 2021,425.05,427.7,413.7,415.2,67150000
Feb 19 2021,415,415,395,399.55,66160000
Feb 22 2021,400.6,401,385.65,389.5,52540000
Feb 23 2021,392,399.7,389,395.6,45460000
Feb 24 2021,397,410.5,395.2,406.25,39630000
Feb 25 2021,411,414.9,406.55,407.25,46990000
Feb 26 2021,399.5,401,387,390.15,64450000
Mar 01 2021,395.1,397.7,391,394.95,29680000
Mar 02 2021,395,399.55,390.55,394.2,30530000
Mar 03 2021,396.5,408.9,396,405.05,46270000
Mar 04 2021,398.7,403.5,394.45,395.65,43600000
Mar 05 2021,395,395,378.1,383.65,72180000
Mar 08 2021,388.45,393.4,386.05,389.6,39150000
Mar 09 2021,393.45,394.9,382.25,387.6,28050000
Mar 10 2021,391.1,393,385.7,387.7,22680000
Mar 12 2021,391.7,393.2,377.5,381.1,35340000
Mar 15 2021,382.5,386,369.35,383.9,42720000
Mar 16 2021,385.6,387.85,376.1,378.55,38200000
Mar 17 2021,378.2,379.65,366.05,368.15,33140000
Mar 18 2021,371.5,375,361.1,367.1,39410000
Mar 19 2021,363.95,372.9,357.25,371.15,60310000
Mar 22 2021,372,372.8,363.5,367,28460000
Mar 23 2021,368.7,377.95,367.05,372.7,41030000
Mar 24 2021,368.5,369.05,358.65,359.85,42320000
Mar 25 2021,360,360.85,345.2,355.2,57500000
Mar 26 2021,360,362,354.55,357.2,40720000
Mar 30 2021,360.1,364.3,356.3,360.8,39410000
Mar 31 2021,360.3,367.85,357.95,364.3,38650000
Apr 01 2021,367.7,371.9,363.1,370.65,31880000
Apr 05 2021,367.5,369.2,349.05,353.55,51740000
Apr 06 2021,355.7,357,349.3,350.55,44150000
Apr 07 2021,351.25,363.2,347.6,358.55,48020000
Apr 08 2021,361,363.3,354.3,355.6,33370000
Apr 09 2021,354.4,364.5,351.2,353,46470000
Apr 12 2021,344,344,322.55,328.85,75500000
Apr 13 2021,332,342.25,330.5,341,49770000
Apr 15 2021,342.1,347.55,336.1,342.7,52990000
Apr 16 2021,343,345.5,338.65,339.9,37770000
Apr 19 2021,327.15,332.05,321.3,331.15,53300000
Apr 20 2021,335.1,339.9,326.7,329.5,41300000
Apr 22 2021,326,337.65,323.3,336.65,49110000
Apr 23 2021,331.65,339.9,331.65,336.45,44220000
Apr 26 2021,339.25,347.45,339.25,344.3,49240000
Apr 27 2021,344,354.95,342.4,353.05,46000000
Apr 28 2021,357,364.3,356.05,363.4,56700000
Apr 29 2021,365,369.95,355.5,359.4,63690000
Apr 30 2021,353.45,362.5,350.45,353.5,53830000
May 03 2021,349.6,352.5,341.4,350.6,43690000
May 04 2021,355,362.9,350.2,351.5,57750000
May 05 2021,356.5,357.45,348,355.4,40870000
May 06 2021,358,359.35,350.55,355.55,36290000
May 07 2021,357.5,362,353,358.25,38360000
May 10 2021,360.5,367,358.8,361.7,41740000
May 11 2021,356.85,366.4,354.75,364.65,41890000
May 12 2021,362.8,373.5,361.9,367.7,53440000
May 14 2021,370,372.5,359.55,360.45,51720000
May 17 2021,364.4,385.2,363.65,383.1,106560000
May 18 2021,390,392.55,380.05,382.25,70920000
May 19 2021,382,389.5,381.2,384.4,48190000
May 20 2021,387,387.8,382,384.55,42900000
May 21 2021,390,404.4,378,401.2,192810000
May 24 2021,417,419.2,405.3,412.05,142960000
May 25 2021,415.1,415.5,408.5,412.35,56050000
May 26 2021,413.8,418.75,410.8,413.55,52360000
May 27 2021,413.7,429.1,412,425.2,73390000
May 28 2021,430.5,433.65,420.05,422.05,65140000
May 31 2021,421,426,418,424.35,38290000
Jun 01 2021,426.05,435.35,425.6,432.55,59300000
Jun 02 2021,430.8,437.95,429.15,437.25,38660000
Jun 03 2021,437,441.95,433.5,439.65,38910000
Jun 04 2021,437.5,441.9,431.75,433.6,36900000
Jun 07 2021,435.1,437.4,430.8,432.25,20200000
Jun 08 2021,432.25,432.5,424,427.2,31110000
Jun 09 2021,427.5,432.3,418.2,421.45,27780000
Jun 10 2021,424.9,433.3,422.4,432.25,27400000
Jun 11 2021,434.85,435.5,425.25,429.6,26830000
Jun 14 2021,427,432.45,416.7,430.35,30110000
Jun 15 2021,429.2,432.8,428,429.5,16410000
Jun 16 2021,428,432.75,425,425.95,19700000
Jun 17 2021,421,425.95,416.6,420.25,23050000
Jun 18 2021,423.9,423.9,402.65,412.9,45750000
Jun 21 2021,406.35,421,400.5,419.75,33130000
Jun 22 2021,423,425.45,417.3,418.65,28440000
Jun 23 2021,421.1,424.75,415,418.85,27560000
Jun 24 2021,420.35,422.75,416.3,417.2,19210000
Jun 25 2021,421,431,419.05,428.8,29890000
Jun 28 2021,430.7,433.15,424.55,426.75,29370000
Jun 29 2021,427.5,428.95,420.55,421.5,22280000
Jun 30 2021,423,424.9,418.3,419.2,18340000
Jul 01 2021,420.3,423.7,417.15,420.4,16160000
Jul 02 2021,420.3,425.4,419,424.4,16420000
Jul 05 2021,426.5,434.5,424.25,432.65,16480000
Jul 06 2021,431.7,436.5,428.2,429.75,20200000
Jul 07 2021,429.35,434,427.55,432.85,14470000
Jul 08 2021,432.8,435.4,422.1,424.45,21430000
Jul 09 2021,425,427.5,421.05,423.75,16840000
Jul 12 2021,426.5,430.25,424.6,427.45,12890000
Jul 13 2021,430,431.8,428.3,429.1,12830000
Jul 14 2021,429,432.3,426.4,431.05,12770000
Jul 15 2021,432.7,432.95,429.65,431.7,11030000
Jul 16 2021,432,432.5,427.45,430,8710000
Jul 19 2021,423.4,429.45,418.85,427.9,14430000
Jul 20 2021,427,427,418.9,420.9,14620000
Jul 22 2021,425.55,426.7,420.9,422.05,11800000
Jul 23 2021,422.9,429.95,419.5,428.9,17700000
Jul 26 2021,427.8,427.8,422.3,423.3,14040000
Jul 27 2021,424.15,433.25,424,429.95,24120000
Jul 28 2021,430,430.5,421.05,425.5,17640000
Jul 29 2021,426,443.6,425.5,441.55,35260000
Jul 30 2021,441.5,444.4,430.7,431.8,35200000
Aug 02 2021,434.75,436.7,431.8,434.9,16930000
Aug 03 2021,434.95,447.9,433.6,446.5,40920000
Aug 04 2021,448.65,467.45,441.5,456.95,129760000
Aug 05 2021,461,462.5,438.4,441.85,58600000
Aug 06 2021,443.7,447,434,435.65,38240000
Aug 09 2021,437.9,441.8,431,433.4,22200000
Aug 10 2021,434.4,436.4,421.7,426.45,27790000
Aug 11 2021,429.8,432.9,423.15,428.05,23830000
Aug 12 2021,430,430.45,425,427.15,16850000
Aug 13 2021,427.6,432.25,425,431.2,20910000
Aug 16 2021,430,434,424,424.85,17610000
Aug 17 2021,424.85,425.85,415.25,421.5,22960000
Aug 18 2021,422.15,424.35,418,419.7,17670000
Aug 20 2021,415,417.35,405.15,406.7,25540000
Aug 23 2021,411.1,413,401.25,409.5,26560000
Aug 24 2021,409.5,418.75,408.2,417.6,19010000
Aug 25 2021,419,421.3,414.3,416.25,16410000
Aug 26 2021,414.5,415.8,410,410.75,15900000
Aug 27 2021,410.35,414.35,407.5,412.45,15090000
Aug 30 2021,414.4,423.3,413.5,422.7,20310000
Aug 31 2021,423.85,427,418.7,426.05,26260000
Sep 01 2021,427.5,432.55,425.15,429.9,18780000
Sep 02 2021,431.4,433.5,427.75,429.75,14370000
Sep 03 2021,431.25,434.3,428.2,431.4,14230000
Sep 06 2021,432,433.85,430.05,431.05,10690000
Sep 07 2021,431.05,431.7,425.1,429.1,14930000
Sep 08 2021,429,435.4,427.35,431.35,22820000
Sep 09 2021,430.25,433.8,430,432.3,9660000
Sep 13 2021,430.1,433.8,428.8,432.85,9570000
Sep 14 2021,435,436.75,432.25,433,9980000
Sep 15 2021,433,445,431.45,443.85,22180000
Sep 16 2021,444.85,466.1,442.75,463.7,42640000
Sep 17 2021,468,471.9,450.35,454.1,41530000
Sep 20 2021,449.4,453.5,435.65,437.45,18380000
Sep 21 2021,440.15,441.35,432.65,438.8,17280000
Sep 22 2021,438.9,442.8,436.1,438.85,14320000
Sep 23 2021,442.4,451.15,442.05,449.8,20520000
Sep 24 2021,451.1,451.9,440,440.75,10730000
Sep 27 2021,444.9,450.55,442.25,446.6,11750000
Sep 28 2021,449.2,455.8,439.6,444.9,19240000
Sep 29 2021,441.85,462.3,439.1,460,38640000
Sep 30 2021,459.95,464.9,451.4,453,26530000
Oct 01 2021,448.5,455.55,443.8,451.65,14780000
Oct 04 2021,453.8,464.4,451.6,463.15,16250000
Oct 05 2021,462,469,458.7,464.7,16490000
Oct 06 2021,465,471,453.65,457.2,19060000
Oct 07 2021,462.1,464,457.1,457.9,9980000
Oct 08 2021,461.9,464,454.25,458,16520000
Oct 11 2021,460,474.95,458.65,469.25,20690000
Oct 12 2021,470,484.4,468.1,483,33760000
Oct 13 2021,486.15,486.15,478,481.7,17640000
Oct 14 2021,482,493.9,482,490.6,23430000
Oct 18 2021,494,501,491.7,497.95,20080000
Oct 19 2021,500.35,504.2,483.25,488.2,20650000
Oct 20 2021,488.8,507.5,483.1,499.9,34080000
Oct 21 2021,504.9,506.5,491.75,502.95,20810000
Oct 22 2021,504.6,508.7,500,502.95,24080000
Oct 25 2021,506.5,515.45,497.85,506.5,35620000
Oct 26 2021,507.6,518.2,507.6,512.55,21110000
Oct 27 2021,513.7,526.85,512.75,519.15,29460000
Oct 28 2021,519.6,520.55,497.6,501.35,28140000
Oct 29 2021,501.5,512.65,488.4,502.15,31360000
Nov 01 2021,508.5,516.95,501,515.7,20680000
Nov 02 2021,514.8,525,512.05,521.7,26800000
Nov 03 2021,524,542.3,515.2,527.65,80780000
Nov 04 2021,531.5,535.9,528.05,530.45,9800000
Nov 08 2021,534.45,534.45,516.45,523.25,36800000
Nov 09 2021,526.25,532,522.2,529.15,25450000
Nov 10 2021,525.55,528.5,521.5,524.4,15810000
Nov 11 2021,522.85,522.85,507.1,509.6,23090000
Nov 12 2021,512,513,502.7,511.35,19840000
Nov 15 2021,512.4,515.9,505.5,506.55,13330000
Nov 16 2021,507.4,507.4,493.5,495.1,19550000
Nov 17 2021,493.85,505.4,491,498.15,20490000
Nov 18 2021,499.1,506.2,492.3,503.8,22470000
Nov 22 2021,506,506,477.5,486.4,28800000
Nov 23 2021,485.25,495.4,480,493.05,20000000
Nov 24 2021,495.8,500,489.05,493.15,13960000
Nov 25 2021,490,495.45,486.3,490.55,12890000
Nov 26 2021,486.25,487.9,467.1,470.5,26310000
Nov 29 2021,470,477.75,454.3,465.1,22410000
Nov 30 2021,468,477.25,458,460.55,23030000
Dec 01 2021,464.45,477.25,464,475.3,17160000
Dec 02 2021,474.5,478.15,470.95,477,12960000
Dec 03 2021,475.75,481.5,470.05,473.15,16650000
Dec 06 2021,473.15,477,463.8,465.3,14350000
Dec 07 2021,469.2,479.7,469.2,476.7,13640000
Dec 08 2021,480.9,492.4,480.25,491.55,20400000
Dec 09 2021,492.3,493.5,486.1,488.65,12560000
Dec 10 2021,488.5,495.95,484.4,494.7,13260000
Dec 13 2021,497.75,500.45,486.35,487.8,14050000
Dec 14 2021,486,490.35,481.8,488.55,11640000
Dec 15 2021,490,491,483.5,484.8,8640000
Dec 16 2021,488.35,490.55,478.25,481.15,11110000
Dec 17 2021,480.05,481.4,466.5,467.8,12650000
Dec 20 2021,459,464,443,449.2,22340000
Dec 21 2021,457.05,458.25,444.5,446,16620000
Dec 22 2021,450,457.3,449,455.85,13100000
Dec 23 2021,461,465,457.75,461.8,14470000
Dec 24 2021,462.6,463.6,452.2,456.95,13220000
Dec 27 2021,453.7,460.5,450.55,458.05,8860000
Dec 28 2021,461.2,462.9,459.05,461.2,8830000
Dec 29 2021,461,462.15,451.4,454.4,11760000
Dec 30 2021,452.75,454.9,448.5,451.7,28880000
Dec 31 2021,454.25,461.4,453.1,460.45,10010000
Jan 03 2022,462,472,460.1,470.8,13120000
Jan 04 2022,472.5,484.7,471.05,483.5,23300000
Jan 05 2022,481.9,495,479.15,492.4,24690000
Jan 06 2022,487.7,494.4,485.4,491.7,18190000
Jan 07 2022,493.45,501.95,489.45,491.25,22750000
Jan 10 2022,493.35,504.95,492.5,503.65,15830000
Jan 11 2022,503,507.8,499.25,505.95,16110000
Jan 12 2022,509.9,513.5,508.5,510.25,14490000
Jan 13 2022,510,512.85,507,511.35,10450000
Jan 14 2022,509,510.35,505.15,508.35,8720000
Jan 17 2022,508,518.9,507.55,514,17420000
Jan 18 2022,514,517.45,505,506.8,12590000
Jan 19 2022,505,517.65,500.3,515.8,16080000
Jan 20 2022,516,519.15,508,511.4,17720000
Jan 21 2022,505.3,507.5,498,502.7,16950000
Jan 24 2022,502.4,506.8,488,494.15,20230000
Jan 25 2022,490,517.5,489,514.65,21790000
Jan 27 2022,503.55,530.85,503.2,528.95,35410000
Jan 28 2022,534,536.4,521.4,523.45,24720000
Jan 31 2022,529,540.9,527.05,538.3,28670000
Feb 01 2022,543.95,543.95,520,532.3,32250000
Feb 02 2022,536.65,544.25,531.35,539.8,21660000
Feb 03 2022,537.15,544.7,537.15,540.1,22720000
Feb 04 2022,542.15,546.4,527.3,530.3,25330000
Feb 07 2022,531.9,549,525.25,533.25,52290000
Feb 08 2022,535.5,537.65,519,531.35,26570000
Feb 09 2022,534.95,536.5,527.75,535.25,14860000
Feb 10 2022,537.1,543.95,534.4,540.55,18660000
Feb 11 2022,536.25,537.7,527.1,529.6,14610000
Feb 14 2022,515,515.6,499.7,501.4,26150000
Feb 15 2022,502,526.85,497.1,524.8,23840000
Feb 16 2022,526.5,528,514,516.7,19770000
Feb 17 2022,520,520,511.15,512.95,16410000
Feb 18 2022,510.1,520.9,510.1,515.3,15110000
Feb 21 2022,511.55,517.5,504.65,511.85,16870000
Feb 22 2022,500.9,505.3,495.5,498.4,27110000
Feb 23 2022,503,505.35,497.25,498.7,13900000
Feb 24 2022,480,487.95,468,472.65,32360000
Feb 25 2022,480,491.9,479.3,482.95,21790000
Feb 28 2022,476.9,485.3,473.1,483.2,18070000
Mar 02 2022,478,479.8,467,474.25,22000000
Mar 03 2022,480,483.4,464.6,467.4,20360000
Mar 04 2022,460.3,470.9,457.65,461.95,20680000
Mar 07 2022,447.5,453.95,433.45,440.3,33720000
Mar 08 2022,438,442.1,425,440.3,42510000
Mar 09 2022,442,454.3,438.55,451.7,32330000
Mar 10 2022,469.9,476.65,461.65,468.7,34550000
Mar 11 2022,466.4,474.8,462,470.35,22090000
Mar 14 2022,471,486,470.55,485.15,27750000
Mar 15 2022,489,490.5,480.65,485.85,27200000
Mar 16 2022,493,494.3,489.4,492.75,16210000
Mar 17 2022,499,503.5,498.3,501.9,22950000
Mar 21 2022,502,502,489,490.6,19060000
Mar 22 2022,490.6,495.8,477.25,493.7,26160000
Mar 23 2022,498.5,502.4,489.2,490.65,15800000
Mar 24 2022,485,494.8,483.5,487.1,18170000
Mar 25 2022,491.75,493.3,486.6,490.7,11540000
Mar 28 2022,490.95,498.6,481.95,497.5,16740000
Mar 29 2022,500,501.4,491.7,495,14300000
Mar 30 2022,499.3,500.4,492.3,494.3,16460000
Mar 31 2022,494.3,497.55,492.2,493.55,10240000
Apr 01 2022,491,509.75,491,508.2,18530000
Apr 04 2022,509.3,514.9,506,512.4,16260000
Apr 05 2022,514.4,516.4,507.7,509.4,13600000
Apr 06 2022,507,515.2,506,513.95,13740000
Apr 07 2022,510.05,519.9,510.05,514.95,19620000
Apr 08 2022,519.5,519.5,512.35,516.1,13570000
Apr 11 2022,513.5,522,513.2,514.9,12370000
Apr 12 2022,512.75,516.7,504.35,512.85,14460000
Apr 13 2022,514.3,520.9,513.75,517.7,15440000
Apr 18 2022,512,515,504,509.5,14490000
Apr 19 2022,513.25,520.95,505.1,511.8,20360000
Apr 20 2022,512,513.7,507,509.3,11880000
Apr 21 2022,513.4,518,512.2,516.3,10040000
Apr 22 2022,512.9,513.5,499,500.6,16760000
Apr 25 2022,495,499.2,490.05,494.75,14060000
Apr 26 2022,499,507.9,498.45,505.5,12140000
Apr 27 2022,500,502.8,491.85,497.25,12370000
Apr 28 2022,499.15,510,496.5,507.5,12150000
Apr 29 2022,508.1,512.5,494,496.3,12890000
May 02 2022,492.65,495,481.3,491,18590000
May 04 2022,492,496.45,477.5,479.65,14650000
May 05 2022,485,494,478.65,480,14130000
May 06 2022,471,486.1,471,483.95,16710000
May 09 2022,477.1,483.7,473.8,475.9,13540000
May 10 2022,477,482.55,473.5,475.2,10880000
May 11 2022,475.25,479,463.65,476.55,14770000
May 12 2022,473,473,456.35,462.65,18950000
May 13 2022,469.45,477,439.75,444.65,61400000
May 16 2022,445,461.5,438.85,455,27940000
May 17 2022,458.3,469.65,456.15,467.3,16880000
May 18 2022,467.9,468.6,457.1,458,15640000
May 19 2022,449.05,450,444.45,447.5,14200000
May 20 2022,454.85,464,454.15,462.4,13600000
May 23 2022,463.1,471.4,459.5,460.9,13500000
May 24 2022,462.4,466.8,460.2,462.05,17180000
May 25 2022,461,464.45,452.05,454.1,12730000
May 26 2022,456.85,470.1,452.5,468.9,17060000
May 27 2022,471.4,475,467.5,468.95,10980000
May 30 2022,473,476.9,471.1,474.6,9370000
May 31 2022,474,476.4,465,468.1,15440000
Jun 01 2022,468,472,464.7,468.3,9420000
Jun 02 2022,466.9,472.35,466.15,469.85,9370000
Jun 03 2022,473.25,475.5,463.5,464.5,11310000
Jun 06 2022,464.2,465.6,456.5,463.7,10660000
Jun 07 2022,461.85,465.95,460.5,463.4,7670000
Jun 08 2022,466.6,475.55,463.2,471.3,17170000
Jun 09 2022,468.95,470.9,462.45,466.95,12640000
Jun 10 2022,462,464.15,458.6,461.85,8620000
Jun 13 2022,454,454.05,442.1,445.85,13430000
Jun 14 2022,445,449.25,443.35,448.1,11350000
Jun 15 2022,448.95,455.45,448.6,451.35,9920000
Jun 16 2022,455.15,457.75,440.15,441.6,10780000
Jun 17 2022,440,447.55,437.25,441,14330000
Jun 20 2022,441.5,443.45,430.7,434.7,12370000
Jun 21 2022,439.5,454.95,437.6,450.75,13800000
Jun 22 2022,448.75,451.2,444.65,447.65,11070000
Jun 23 2022,449,456.45,446,451.4,12230000
Jun 24 2022,455.8,460.35,453.2,454.25,10830000
Jun 27 2022,459.95,464.85,458.05,461.2,9510000
Jun 28 2022,458.9,465.75,458,464.25,13260000
Jun 29 2022,460,462.7,458,459.1,11800000
Jun 30 2022,459,469.3,458.6,465.9,16930000
Jul 01 2022,463.35,468.8,460.55,466.85,9410000
Jul 04 2022,466.85,474.15,466.85,473.45,9190000
Jul 05 2022,475.15,480,471,472.15,12000000
Jul 06 2022,475.15,481,473.9,479.95,12060000
Jul 07 2022,484,488.25,481.6,486.75,11500000
Jul 08 2022,489,489.9,485.15,488.55,9060000
Jul 11 2022,485,491.3,485,488.2,7700000
Jul 12 2022,485,491.35,483.1,484.95,7360000
Jul 13 2022,487.75,492.45,484.55,486.5,8210000
Jul 14 2022,486.6,488.9,476.8,479.35,9390000
Jul 15 2022,482.55,484.4,474.7,479.1,6950000
Jul 18 2022,484.55,491.5,482.1,490.3,9930000
Jul 19 2022,488,498.55,488,497.95,11720000
Jul 20 2022,501,510.6,500.4,508.6,19280000
Jul 21 2022,509.8,513.4,506.75,512.05,13810000
Jul 22 2022,513.45,520.2,511.2,513.7,14700000
Jul 25 2022,513.4,519,509.15,517.8,10230000
Jul 26 2022,517.7,520.8,513.1,514.2,8860000
Jul 27 2022,515.3,529.95,512.25,528.2,15100000
Jul 28 2022,533.2,537.5,529.55,532.45,12160000
Jul 29 2022,535.05,537,526.75,528.35,11920000
Aug 01 2022,529.05,535,526.4,533.75,8300000
Aug 02 2022,531.9,544.9,531.1,542.1,16850000
Aug 03 2022,541.9,546.4,534.65,540.85,24260000
Aug 04 2022,543.65,544,524.2,533.25,18070000
Aug 05 2022,535.55,542.9,529,531.05,21110000
Aug 08 2022,524,524,513.85,520.4,32570000
Aug 10 2022,521.55,523.5,513.4,514.7,16900000
Aug 11 2022,520,526,517.2,524.75,13860000
Aug 12 2022,525.7,531.8,525.15,530.7,12150000
Aug 16 2022,533.3,533.85,525,525.95,10720000
Aug 17 2022,528.85,530.55,524.35,528.15,12050000
Aug 18 2022,526.85,534.8,526.2,532.35,9010000
Aug 19 2022,532,533.65,518.5,520.35,11090000
Aug 22 2022,519,519.9,510,511.3,9680000
Aug 23 2022,508.25,524,508.25,521.9,8600000
Aug 24 2022,519,523,512.3,519.3,11930000
Aug 25 2022,521.95,528.3,518.5,520.4,15470000
Aug 26 2022,523.8,529.5,522.2,523.8,12860000
Aug 29 2022,511.3,517,508.75,514.85,9420000
Aug 30 2022,518.2,532.5,517.95,531.25,14840000
Sep 01 2022,522.25,540.9,522.25,533.3,16670000
Sep 02 2022,537,537.85,531.25,536.7,10020000
Sep 05 2022,537,540.8,536.3,538.9,7820000
Sep 06 2022,538,542.7,534.1,537.8,8660000
Sep 07 2022,534.4,537.45,531.55,532.85,8450000
Sep 08 2022,536,546.3,535.5,544.65,12240000
Sep 09 2022,549.65,557,548,553.35,18590000
Sep 12 2022,554.9,558.6,551.25,554.9,9680000
Sep 13 2022,560,560,553.75,558,16710000
Sep 14 2022,550,574.85,549.25,571.75,21630000
Sep 15 2022,572.55,578.5,567.9,572.15,12750000
Sep 16 2022,569.1,574,560.3,561.8,14740000
Sep 19 2022,560.7,574.4,559.55,572.25,11190000
Sep 20 2022,577.95,577.95,572.85,574.05,8480000
Sep 21 2022,575,577.3,565.4,569.7,9390000
Sep 22 2022,566.75,574,562,567.3,11870000
Sep 23 2022,564.8,568,549.5,550.6,12560000
Sep 26 2022,545.8,549,533,543.3,16160000
Sep 27 2022,544.55,550.9,533.2,536.5,11070000
Sep 28 2022,532.9,539.8,520.35,524.85,12230000
Sep 29 2022,529,535.7,519.55,521.75,17310000
Sep 30 2022,524,536.9,516.15,530.6,17470000
Oct 03 2022,527.6,531.65,518.5,519.75,9350000
Oct 04 2022,533,535.8,527.8,532.7,8750000
Oct 06 2022,534.6,541.8,534.6,537.3,9510000
Oct 07 2022,535.5,535.6,526.55,530.2,11070000
Oct 10 2022,525.7,533.9,522.2,530.75,9650000
Oct 11 2022,530.75,533.7,525.5,527.4,10830000
Oct 12 2022,530,535,526,533.8,8520000
Oct 13 2022,533,533.8,520.2,521.45,12970000
Oct 14 2022,530.2,534.85,526,527.2,8550000
Oct 17 2022,526.4,544.7,524.2,543.65,13490000
Oct 18 2022,547.1,563.5,546.75,562.45,20440000
Oct 19 2022,563,563.45,551.55,553.4,9540000
Oct 20 2022,552,556.8,545.3,555.4,11230000
Oct 21 2022,557.25,565.8,557.25,560.85,11770000
Oct 24 2022,567,572.5,565.9,570.5,3690000
Oct 25 2022,572.5,586.2,568,578.55,19900000
Oct 27 2022,583.95,585,577.6,579.65,13610000
Oct 28 2022,579.95,582.65,567,570.75,10040000
Oct 31 2022,574.95,577.45,568.4,573.8,9890000
Nov 01 2022,576.35,585.75,574.6,576.9,12070000
Nov 02 2022,575.9,578.95,569.9,573.85,10240000
Nov 03 2022,569,587.95,568,584.9,17560000
Nov 04 2022,586,596.95,580.4,593.95,25760000
Nov 07 2022,613,622.7,607.7,614.15,44270000
Nov 09 2022,621,621,610.55,615.55,18940000
Nov 10 2022,613.1,615.1,602.2,605.75,11620000
Nov 11 2022,617.25,619.55,598.5,601.3,15530000
Nov 14 2022,603.95,603.95,591.65,592.55,12960000
Nov 15 2022,594.3,602.1,592.65,600.85,10290000
Nov 16 2022,599.95,603.5,596,599.75,11560000
Nov 17 2022,599.1,602.75,596.15,599.05,8170000
Nov 18 2022,601,605.75,597.15,602.7,12930000
Nov 21 2022,602.1,602.1,595.35,598.1,7410000
Nov 22 2022,598.15,600.7,596.15,599.1,8050000
Nov 23 2022,601.55,609.6,601,607.65,12440000
Nov 24 2022,609.75,611.3,605.8,609.35,8960000
Nov 25 2022,610.55,613.7,606.25,607.4,9990000
Nov 28 2022,605.6,610.9,602.35,608.6,7930000
Nov 29 2022,607.1,611.8,607.1,608.55,6940000
Nov 30 2022,608.5,611.4,598.4,602.45,15610000
Dec 01 2022,607.85,609.8,601.55,608.1,14210000
Dec 02 2022,607.5,609.6,604.25,607.55,7530000
Dec 05 2022,608.5,618,607.55,617.3,11590000
Dec 06 2022,614.75,619.8,607.8,608.95,13000000
Dec 07 2022,610.85,612.9,604.5,607.05,7610000
Dec 08 2022,609.75,613.8,607.15,611.65,10020000
Dec 09 2022,614.4,618,609.1,616.5,11200000
Dec 12 2022,614.8,618.7,611,613.05,9290000
Dec 13 2022,613.5,617.4,612.5,616.75,7460000
Dec 14 2022,618.5,626.75,617.5,625.5,14010000
Dec 15 2022,625.55,629.55,614.3,615.95,10620000
Dec 16 2022,612,615.6,602.1,603.35,9440000
Dec 19 2022,604,609.5,603,604.45,8320000
Dec 20 2022,603,606.5,599.55,604.45,6750000
Dec 21 2022,605.9,609.15,589.6,593.4,9220000
Dec 22 2022,597,599,587.55,593.4,8740000
Dec 23 2022,590,590.7,571.5,574,13050000
Dec 26 2022,574,601.7,570.7,597.1,13200000
Dec 27 2022,600.4,603.1,593.3,601.9,9640000
Dec 28 2022,600.9,607,598.55,601.05,7990000
Dec 29 2022,600,618,597.15,611.8,20130000
Dec 30 2022,615.25,620.55,611.35,613.7,13050000
